author,dates,title,views
ㄹㄹ,2022-01-14 14:30:03,역사가 말한다 ,47
하라구구,2022-01-14 14:29:47,실북갤 강형욱 인간혐오 보면,58
ㅇㅇ,2022-01-14 14:28:58,연어 기억하는 게이 있냐 ㅋㅋㅋㅋ,101
ㅇㅇ,2022-01-14 14:28:30,"""미국 주식·채권·부동산 다 비싸…거품 가라앉는 순간 올 것""",192
ㅇㅇ,2022-01-14 14:28:04,좆슬라 뒤져서 기분 좋노 ,91
ㅇㅇ,2022-01-14 14:28:04,비트코인 중동머니 입갤징후 포착,38
ㅇㅇ,2022-01-14 14:28:02,"● 마 2.5 가 조스로 보이냐,  오늘  마 2.5다 =총 아사다마오",24
ㅇㅇ,2022-01-14 14:27:23,컄ㅋㅋㅋ,9
ㅇㅇ,2022-01-14 14:27:16,슨피가 떡락해야 바닥이고 곧 온다,61
ㅇㅇ,2022-01-14 14:26:55,"ㄹㅇ 미국, 마소, 애플 이 셋 못믿으면 우체국 적금이나 넣어야지 ㅋㅋㅋ",81
ㅇㅇ,2022-01-14 14:26:53,시장예측을 도대체 왜하는거지 병신들은 ㅋㅋㅋㅋㅋㅋㅋ,379
ㅇ,2022-01-14 14:26:40,디즈니 사라 올것이 왔다,36
ㅇㅇ,2022-01-14 14:26:27,2022년 예언한다 박제해라 ,34
ㅇㅇ,2022-01-14 14:26:05,실적시즌이다 개소리말고 주워라,73
ㅇㅇ,2022-01-14 14:25:37,주식 본다고 밤새는거 안힘드냐?? 나 죽을거같다,32
사용자이름,2022-01-14 14:25:27,티큐 30 오냐?,16
ㅇ,2022-01-14 14:24:58,도지코인 가지고 왜또 지랄이냐,38
ㅇㅇ,2022-01-14 14:24:46,학식이인데 나는 코로나 때문에 떨어진 주식삼,109
ㅇㅇ,2022-01-14 14:13:03,주린이 질문있다 형들,14
마시마로향기,2022-01-14 13:07:34,테슬라 샵 도지코인으로 구매시작,154
ㅇㅇ,2022-01-14 14:41:59,연어 이거다,50
국경은다조작,2022-01-14 14:41:51,여자는 아프리카방송같은거 안하면 인생좆망임,64
ㅇㅇ,2022-01-14 13:22:07,국장 카카오 좆박는데 개미들 무지성으로 매수하네,115
ㅇㅇ,2022-01-14 13:21:10,토스증권 버러지들 LOC 주문 추가하라고 !!!,41
ㅇㅇ,2022-01-14 13:34:48,얘 AV 배우인데,225
ㅇㅇ,2022-01-14 13:33:38,브레이너드 가족들 어제 풀대출 받아서 숏치다걸림,82
ㅇㅇ,2022-01-14 13:55:03,삼엽충인데 아이패드 5세대 이거 줜나좋네,65
ㅇㅇ,2022-01-14 13:54:18,티큐 70불에 샀는데 잘산거냐,99
ㅇㅇ,2022-01-14 14:24:19,속쓸 다 팔고 코인이나 할까,11
ㅇㅇ,2022-01-14 14:24:12,니들 씨웹을 노무 무시하고 멸시하고 괄시하노 ,22
ㅇㅇ,2022-01-14 14:24:09,나스닥 하락 아직 시작도 안함 ㅋㅋㅋㅋㅋㅋ,43
ㅇㅇ,2022-01-14 14:23:51,쏙쓸 티큐 지금가에서 한 5퍼정도 떨구면 ,39
숏케이크,2022-01-14 14:23:46,가치주도 내부자 매도 늘고있더라,85
Boeing.Co,2022-01-14 14:23:25,와 이번에 인텔이 TSMC 3나노/2나노 케파 싹 쓸어갔나보네,107
ㅇㅇ,2022-01-14 14:23:22,근데 머스크가 테슬라떠나면 걍 주식 망하는거지?,42
ㅇㅇ,2022-01-14 14:22:33,대한민국 코스피 1000정도는 가줘야함,35
ㅇㅇ,2022-01-14 14:22:31,성장주 뭐가좋을까,14
ㅇㅇ,2022-01-14 14:12:55,너드 창녀새끼 어제 파격발언한이유,145
ㅇㅇ,2022-01-14 14:12:19,난 추매한다,16
ㅇㅅㅇ,2022-01-14 14:12:05,머스크 주가 내릴려고 하니 도지 사 되는거냐,24
ㅇㅇ,2022-01-14 14:11:58,시드가 작을수록,49
ㅇㅇ,2022-01-14 14:11:48,arkk는 80도뚫렸네,33
형꼬마,2022-01-14 14:11:37,내가 씨웹사는 eu Feat. 갓-윈,33
ㅇㅇ,2022-01-14 14:10:52,짤녀 이뻐서 오늘 씹불장임,126
ㅇㅇ,2022-01-14 14:10:26,16000스닥은 어디가고 빌빌대냐 ,45
ㅇㅇ,2022-01-14 14:08:28,씨웹 프리장 양전인 이유.,90
ㅇㅇ,2022-01-14 14:08:11,클라우드 플래어가 걍 cdn  업체지?,22
ㅇㅇ,2022-01-14 13:07:20,천마넌잇늗데 뭐살까,21
ㅇㅇ,2022-01-14 13:07:19,브레이너드가 갑자기 대딸 처주면 거절할 놈 잇냐?,157
노무횬,2022-01-14 13:07:06,13일의 금요일밤,45
ㅇㅇ,2022-01-14 13:06:54,시드 5천이하는 월급 올릴생각이나해라,92
ㅇㅇ,2022-01-14 13:06:25,공포지수 2에사라 ㅋㅋㅋㅋ,144
파밀리스,2022-01-14 13:06:20,너드시발년 저거 숏몰빵쳐서 저딴소리한거아님?,30
숏케이크,2022-01-14 13:05:55,노네 파월 브레이너드는 비둘기급이란거 아냐?,65
ㅇㅇ,2022-01-14 13:05:24,엔비 310층 사람좀 살려줘 씨발ㅋㅋㅋㅋㅋㅋㅋㅋㅋㅋㅋ,48
ㅇㅇ,2022-01-14 13:05:20,25살 주린이 마음가짐 ㅁㅌㅊ?? 계좌인증,201
ㅇㅇ,2022-01-14 14:57:09,망한 해주갤 근황,14
ㅇㅇ,2022-01-14 14:57:07,셀트 왜 떡락하나 싶었는데 분식의혹 먹었네,5
ㅍㅍㅍㅍ,2022-01-14 14:57:01,야 연어차트 어디서 마니 봤는데,1
컬트,2022-01-14 14:56:18,어차피 지금 미장 하락세면 달러 도 원화로 바꾸는게 낫지않음?,14
ㅇㅇ,2022-01-14 14:56:10,어제 씨웹 삿는데 손절 해야되냐 .. ,13
ㅇㅇ,2022-01-14 14:55:02,드론 테마에 물린 게이 찾노?? 이거??,31
하라구구,2022-01-14 14:54:39,카카오랑 셀트리온 매수하지 왜 힘들게 미장하냐?,27
ㅇㅇ,2022-01-14 14:54:10,항셍 미장괴리율보면 씨웹지금 10이어야가격맞는데,25
다다,2022-01-14 14:41:44,진짜 빡친다,21
3X_Leveraged,2022-01-14 14:41:25,셀트 뭐 임상 실패라도 했나?,122
개잡주,2022-01-14 14:41:14,배고프면 내 개잡주계좌보고가라 ㅋㅋㅋ,139
ㅇㅇ,2022-01-14 14:41:10,오늘은 윌리엄나온대,28
ㅇㅇ,2022-01-14 14:41:06,Faang의 시대는 갔다 ㄷㄷㄷㄷㄷㄷㄷㄷㄷㄷㄷㄷㄷㄷㄷㄷㄷㄷㄷ,99
ㅇㅇ,2022-01-14 14:40:55,광기하면 spi밖에 기억안난다,19
지옥열차,2022-01-14 14:40:16,형냐들 이렇게 하면 시드 금방 불리는 거 맞지?,88
ㅇㅇ,2022-01-14 14:39:37,쏙솔 50초기다려도되냐,42
ㅇㅇ,2022-01-14 14:38:58,오늘 은행주 운명의날,110
숏케이크,2022-01-14 14:38:43,내가 여기 소형주픽 또 기억하는게 avir,31
ㅇㅇ,2022-01-14 13:20:54,연말정산 미리 계산하니 ㅈ같네,42
ㅇㅇ,2022-01-14 13:20:46,난 150일선에서 추매하는데,102
ㅇㅇ,2022-01-14 13:20:43,지금 연봉이 처음에 받던 초봉의 3배인데 사는게 차이가 없음,50
ㅇㅇ,2022-01-14 13:33:34,나 오늘 마소 들어갈까 생각중임,166
ㅇㅇ,2022-01-14 13:33:19,존잘남친구 스폰 한달에 2천받고 미시녀랑사귀는데,141
ㅇㅇ,2022-01-14 13:33:11,나에게는 하락장에 대비한 완벽한 계획이 있다.,99
ㅇㅇ,2022-01-14 13:31:46,미래의 파이어족을 꿈꾸는 투자자들 소리질롸~~,141
ㅇㅇ,2022-01-14 13:54:15,왜 늙으면 배당주사라고해?,158
ㅋ,2022-01-14 13:53:49,내 주식 물린거 복구대신(나제외) 미주갤애들 전원사망vs안한다,40
ㅇㅇ,2022-01-14 13:53:18,짱개새기들은 혁신이 아니라 기술 도둑질로 성장함,29
이비잉,2022-01-14 13:52:42,미국 ㅈ박으니까 국장에 눈가는데,96
ㅇㅇ,2022-01-14 13:51:17,주식은 왜 환불이 안되는거죠?? ㅠㅠㅠㅠ,86
숏케이크,2022-01-14 13:50:55,씨웹 생각보다 멀쩡하다...!,42
ㅇㅇ,2022-01-14 14:21:47,은행주들 실적발표,45
ㅇㅇ,2022-01-14 14:21:42,오늘은 짜장면 데이야,28
ㅇㅇ,2022-01-14 14:21:34,여기 대부분이 지수추종이나 근본주 투자 아님?,74
ㅇㅇ,2022-01-14 14:21:19,기간조정3개월.. soxl -15% fngu -40%...,61
dd,2022-01-14 14:21:15,떡락이아니라면 어제가격은 오겠지,32
ㅇㅇ,2022-01-14 14:21:14,"개인적으로 1분기 인플레 정점에서 슨피,다우 조정 올듯",42
ㅇㅇ,2022-01-14 14:21:05,작년2월이랑 지금이랑 다른점->연준의 포지션,60
ㅇㅇ,2022-01-14 14:21:05,tq68층 저점이라 생각했는데,53
ㅇㅇ,2022-01-14 14:20:12,soxl 60.5  tqqq 78 인데  프장에 손절해야하냐,40
ㅇㅇ,2022-01-14 14:08:00,이렇게 쳐맞아도 아직 나스닥 14층이네,73
ㅇㅇ,2022-01-14 14:07:06,"공탐 아직 중립, 슨피 다우 여전히 버팀",61
ㅇㅇ,2022-01-14 14:06:54,내 대출 기준금리+가산금리인데,103
꼰대,2022-01-14 14:05:35,공포의저점은 미붕이들이 운용사 걱정할때임,92
ㅇㅇ,2022-01-14 14:05:34,배당금도 세금내냐?,62
ㅇㅇ,2022-01-14 14:05:05,오늘은 ㅅㅂ 양심적으로 올라야지 ㅋㅋ,82
_썰물,2022-01-14 14:04:39,요즘 할겜 없나,64
ㅇㅇ,2022-01-14 14:04:09,클라우드플레어 레전드네,109
ㅇㅇ,2022-01-14 14:04:03,좀 째리다가 기술주 빅테크 타라,65
ㅇㅇ,2022-01-14 13:05:06,점심 먹었냐? 짤녀 보고 힘내라,156
ㅇㅇ,2022-01-14 13:04:58,아 이번장 쳐물린거 너무 충격이 크네,265
ㅇㅇ,2022-01-14 13:04:43,속쓸 시발 하루동안 +7에서 -7까지 내리 꽂는거 씹레전드네 ㅋㅋㅋ,161
ㅇㅇ,2022-01-14 13:04:42,황스피 다 말아올렸다ㅋㅋ,69
ㅇㅇ,2022-01-14 13:04:37,정답공개한다. 답은 저점매수다.,66
ㅇㅇ,2022-01-14 13:04:26,폭락장4특) 야한거나옴,110
ㅇㅇ,2022-01-14 13:04:15,금리 1%상승하면 나스닥 10-20% 조정이라더라,106
ㅇㅇ,2022-01-14 13:04:12,상상투자법으로 간다,19
oo,2022-01-14 14:53:32,씨드가 3천으로는 돈 못 벌구나 싶다.,120
뀩,2022-01-14 14:53:30,씨발년들이 환율도 떨구고 주가도 떨구면 어쩌자는거야?,21
스타할사람?,2022-01-14 14:53:23,토스증권에 TQQQ 나왔네.,36
ㅇㅇ,2022-01-14 14:53:13,근데 궁금한 게 있는데,9
ㅇㅇ,2022-01-14 14:53:10,연어 챠트 보고 왔는데 ㅎㄷㄷ,37
ㅍㅍㅍㅍ,2022-01-14 14:53:07,니네 글시 몰라 glsi 바이오주 1대장 ,12
ㅇㅇ,2022-01-14 14:52:57,Cciv 타던시절이 그립다 자고나면 돈복사하던시절,31
ㅇㅇ,2022-01-14 14:52:44,긍정론 판치는거보니 아직 멀었어 ㅋㅋ,28
수키시발,2022-01-14 14:52:22,"해주갤한창할때 신재생형,양키작전주<-좋앗음",13
ㅇㅇ,2022-01-14 14:52:07,월말 금리결정 전까지 탈출해라 ㄹㅇ 계좌 녹는다,28
ㅇㅇ,2022-01-14 14:37:48,Uvxy랑 vixy랑 무슨 차이야?,29
ㅇㅇ,2022-01-14 14:37:34,지금 생산중인 반도체가 다 쓰레기인이유가,104
사용자이름,2022-01-14 14:37:31,티큐 25달러에 2억 대기중,65
ㅇㅇ,2022-01-14 14:37:26,해주갤 잡주는 그날그날 급등주목록 보고 나올걸,30
ㅇㅇ,2022-01-14 14:37:05,환율도 개떨어지노,57
ㅇㅇ,2022-01-14 14:36:57,티큐 77잡앗는데 땅굴파고 내려가는중 ,23
ㅇㅇ,2022-01-14 14:36:39,토토가 낳냐 주식이 낳냐?,33
ㅍㅍㅍㅍ,2022-01-14 14:36:23,작년 광기 티커 : arec kopn uavs aqb tray acb ,52
ㅇㅇ,2022-01-14 14:36:15,진지하게 초장기 적립식 투자로 qqq vs 마소+애플+엔비디아 이건 뭐냐,47
나는아름답다,2022-01-14 13:20:31, 브레이너드 vs 낸시,129
ㅇㅇ,2022-01-14 13:20:31,LG에너지솔루션 공모로 벼락부자 되야지,64
ㅇㅇ,2022-01-14 13:20:28,파월 귀엽게생겼노,35
노무횬,2022-01-14 13:20:18,나스닥 마3의 의미 = 개미가 모르는 씹악재 예정,111
ㅇㅇ,2022-01-14 13:19:43,25일 비둘기 찢어먹는 결정 나오길 빌어본다,33
Color,2022-01-14 13:19:41,떨어질 수도 있고 아닐 수도 있습니다 ㅋㅋㅋㅋㅋㅋ,53
ㅇㅇ,2022-01-14 13:19:26,엔솔 균등 청약 아니야?,60
ㅇㅇ,2022-01-14 13:19:09,ㅋㅋㅋㅋㅆㅂ 골프레슨 보면서 또 쳤다 30시간 5딸,52
ㅇㅇ,2022-01-14 13:18:57,60대 치고 엄청 이쁘긴 하네,304
ㅇㅇ,2022-01-14 13:31:43,브레이너드 씨발년 흑노예 득실거리는 목화밭에다가,65
ㅇㅇ,2022-01-14 13:31:40,저학력 흙수저를 멀리해야 하는 이유는,768
노무횬,2022-01-14 13:31:36,마소 닷컴버블때 폭락하고  고점회복까지 걸린기간,170
ㅇ,2022-01-14 13:31:30,삼성증권 개인계좌몇개까지되냐,11
ㅇㅇ,2022-01-14 13:31:22,살면서 젤 억울한게 클럽 못가본거,190
ㅇㅇ,2022-01-14 13:31:07,뭐든지 잘나야 아무말이나 할 수 있음,35
_썰물,2022-01-14 13:31:06,본인 노동소득 제로,33
ㅇㅇ,2022-01-14 13:30:57,마소 올해는,46
ㅇㅇ,2022-01-14 12:44:13,피터린치 짤 도배될 때까지 존버,44
ㅇㅇ,2022-01-14 12:43:55,당연히 추매해야하는거아님?,99
Dd,2022-01-14 12:43:32,나스닥이15000인데 주식을사? ,32
psycho,2022-01-14 12:56:49,(오피셜) 테슬라 도지 스토어 입갤 ㅋㅋㅋ,188
ㅇㅇ,2022-01-14 13:50:49,마소 지금 들어갈 타이밍인가,160
ㅇㅇ,2022-01-14 13:50:35,씨웹 주주님들 장기 반납하실 시간입니다,60
ㅇㅇ,2022-01-14 13:50:14,본전만 찾게 해주세요,51
ㅇㅇ,2022-01-14 13:50:11,ㄹㅇ 회사생활 근태도 못지켜서 대출끼고 자영업하는 병신들이,103
ㅇㅇ,2022-01-14 13:49:43,사팔사팔 하니까 이건좋네,47
꼰대,2022-01-14 13:49:31,뭐든지 자산이 올라갈려면 위험요소가있어야함 ,28
ㅇㅇ,2022-01-14 13:49:04,대학생이고 현금 채굴 못하면 스윙이 좋냐?,115
ㅇㅇ,2022-01-14 13:49:00,씨웹산 새기들 다시 염전으로 끌려가기 일보직전이노 ㅋㅋㅋ,41
ㅇㅇ,2022-01-14 13:48:25,"근데 테슬람들 은근 마소,엔비하락에 뭍어가는거 존나웃기네 ㅋㅋㅋ",58
ㅍㅍㅍㅍ,2022-01-14 13:47:59,니네 나스닥 할배 모르냐 ??,116
ㅇㅇ,2022-01-14 14:19:50,트황 복귀까지 몇년남았냐??,34
3X_Leveraged,2022-01-14 14:18:20,힘들때 한 번씩 본다...,283
ㅇㅇ,2022-01-14 14:17:21,어디가서 마소 물렸다는 소리하면 조롱당할듯,137
ㅇㅇ,2022-01-14 14:16:45,근데 너희들 작년2월 기억 안남?,154
ㅇㅇ,2022-01-14 14:16:43,변리사인데 사는게힘들다..,267
ㅇㅇ,2022-01-14 14:15:46,아니 근데 어제 뭐라 그랬는데,25
ㅇㅇ,2022-01-14 14:15:27,사람마다 스타일이 있음 장투만 답은 아님,45
ㅇㅇ,2022-01-14 14:15:07,나스닥 11월 고점부터 3개월째 진행중이다,54
ㅇㅇ,2022-01-14 14:14:47,님들 주식이 뭔가요? 나스닥? 연준? 그게 머에요?,21
ㅇㅇ,2022-01-14 14:03:59,월급쟁이 VS 자영업(사업) 진리 알려드림.TXT,187
ㅇㅇ,2022-01-14 14:03:48,숏충이들 좆같은데 오르면 좋겠노,18
ㅇㅇ,2022-01-14 14:03:19,짱개 새기들은 인류 문명을 퇴보시키고 있음,23
ㅇㅇ,2022-01-14 14:02:53,지금 들어가면 설ㄱ지후 20년후 탈출?,19
OO,2022-01-14 14:02:27,"나선, 프프장, 프장, 앱장, 텔아비브, 비트코인 시세",46
ㅇㅇ,2022-01-14 14:02:10,Etf는 운용수수료를 따로 지불하냐?,106
ㅇ,2022-01-14 14:01:56,출퇴근만 하니까 2년된 차 11000km ㅋㅋ,52
124,2022-01-14 14:01:42,디씨가좋은게 아무한테도 할수없는이야기를 씨부리고 ,28
노무횬,2022-01-14 13:03:58,TQ 충들  돈분쇄기에 빨려들어간다 ~~~ 꺄아아아악,28
ㅇㅇ,2022-01-14 13:03:54,미주갤 공탐 지수 몇이냐?,64
지옥교주,2022-01-14 13:03:41,숏충이 새끼들 선지자인냥 나대는 꼴 뵈기싫네,50
ㅇㅇ,2022-01-14 13:03:37,나선 갑자기 폭등중 ㅋㅋㅋㅋㅋ 숏충이들 뒈져ㅋㅋㅋㅋ,69
ㅇㅇ,2022-01-14 13:03:36,강.간 해달라고 하면 하냐??,129
ㅇㅇ,2022-01-14 13:03:34,아 씨발 폭락장 아가씨 재밌는데 누가지웠냐,33
ㅇㅇ,2022-01-14 13:03:11,폭락장 아가씨..4,219
ㅇㅇ,2022-01-14 13:03:11,어닝 기다리는 갤러에게 조언해줌,35
ㅇㅇ,2022-01-14 14:51:40,작년 1월 드론테마는 ㄹㅇ 전설이지,59
ㅇㅇ,2022-01-14 14:51:22,테슬라 1260층 어떡하냐 ㅠㅠ,69
ㅇㅇ,2022-01-14 14:51:21,세상에서 가장 안전한 주식 voo 맞냐?,51
ㅇㅇ,2022-01-14 14:50:57,화살숏 화살숏 화살숏 화살숏,15
ㅇㅇ,2022-01-14 14:50:40,나스닥이랑 코스피 커플링 깨졌나 했는데,39
ㅇㅇ,2022-01-14 14:50:31,빅테크 뿌셔 ㅠㅠ 캐시우드 뿌셔 ㅠㅠㅠㅠㅠㅠㅠ,46
ㅇㅇ,2022-01-14 14:50:23,오늘도 연준 powerful tool 한마디면 나락임,31
숏케이크,2022-01-14 14:50:11,국장보니 반도체 아직 살아있어,28
민뚜색,2022-01-14 14:36:04,mts ui 좋은 증권사 추천 좀,18
ㅇㅇ,2022-01-14 14:35:48,현 2030 한국여자가 개차반인건 당연한거 아니냐 ㅋㅋㅋ,114
Dd,2022-01-14 14:35:46,나서나선 양전한다고 조아하는 흑우업제 ㅋㅋㅋㅋㅋ,18
짐승동,2022-01-14 13:18:13,개인적으로 보는 월급의 체감,179
ㅇㅇ,2022-01-14 13:18:03,어제 그래서 할카스때매 운지한거 러시아때매한거?,61
ㅇㅇ,2022-01-14 13:18:01,오늘 상승장일듯?,72
컬트,2022-01-14 13:17:30,확실히 이런 장때는 고배당 주 에 20% 정도는 넣어둬야함,41
ㅇㅇ,2022-01-14 13:17:18,브레이너드 매파발언한 이유,143
지옥교주,2022-01-14 13:30:55,마소 마4는 레알 충격이네,241
ㅇㅇ,2022-01-14 13:30:47,올해 4월에 5천정도 환전해야해서,25
ㅇㅇ,2022-01-14 13:30:43,미국은 별로 좋은 나라는 아니지 않냐?,71
국장,2022-01-14 13:30:28,연준은 절대 독립된 기관 아니다,86
노무횬,2022-01-14 13:30:13,최근 지수는 조금빠지는데 빅스가 3~5% 발작하며 띄는 모습이 자주보였는,44
ㅇㅇ,2022-01-14 13:29:44,브레이너드 이 씨발년 흑인 3명이랑 떼씹 즐길 관상임,213
ㅇㅇ,2022-01-14 13:29:37,떨어질 때 사고 오를 때 파는 나,48
ㅇㅇ,2022-01-14 12:42:59,브레이너드 정도면 미시로 가능하다 손,196
ㅇㅇ,2022-01-14 12:42:24,테슬라 어닝이 26일이잖아,117
ㅇㅇ,2022-01-14 12:42:22,주식 개쉬우면 개추 ㅋㅋㅋㅋ,161
삼수의왕,2022-01-14 12:42:22,마소 떨어져서 오히려좋다 ㅋㅋ 추매 가자 ,89
ㅇㅇ,2022-01-14 12:41:25,치매 걸린년,111
ㅁㅅㅁ,2022-01-14 12:41:25,금리 오르는데 대출받으라고 ㅈㄴ 오네 ㅋㅋ,67
ㅇㅇ,2022-01-14 12:56:28,"성별갈라치기년,게이,레즈,바이섹슈얼 특",54
ㅇㅇ,2022-01-14 12:56:01,국장 졸라 빠지네,49
5QQQ,2022-01-14 12:55:30,주식 1년차가 본 각 갤별 특징,154
ㅇㅇ,2022-01-14 12:55:17,마소 씨발 작년 9월 가격으로 회귀했네,153
ㅇㅇ,2022-01-14 13:47:31,"앞으로 이말올,선반영 이라고 외칠때 마다 떨어질줄 알아라",83
ㅇㅇ,2022-01-14 13:46:26,연준위원 이거 좆사기 직책이네,201
ㅇㅇ,2022-01-14 13:46:21,20대초반에 주식시작해서 장투로 볼거면,163
ㅇㅇ,2022-01-14 13:45:46,얘들아 나 방금 코피났다,45
ㅇㅇ,2022-01-14 13:44:53,자영업자 한심한게 오픈-마감 시간준수 안하는거 ㅋㅋ,133
ㅇㅇ,2022-01-14 14:14:45,하필 마소 어닝이랑 fomc 날이 겹치네 ,54
ㅇㅇ,2022-01-14 14:14:37,오늘 프장에 tq 사는이유는,65
ㅇㅇ,2022-01-14 14:14:34,마소 330인데 손절해야하나요 ㅠㅠ,148
스턉,2022-01-14 14:13:30,탈출하는데 몇년 걸림?,163
ㅇㅇ,2022-01-14 14:13:08,슨피랑 다우ㅇ좀 빠져야햔다,24
ㅇㅇ,2022-01-14 14:01:15,동학개미들은 돈이 마르지를 않나봄,182
ㅇㅇ,2022-01-14 14:01:14,씨웹 정찰병 근황,130
ㅇㅇ,2022-01-14 14:00:58,건설회사<<부실공사 걸리면 펀더멘탈 나락 아님?,29
OxychuBot,2022-01-14 14:00:28,현재 공포지수 51 / Neutral,22
ㅇㅇ,2022-01-14 13:59:34,자영업자가 망하는게 본인의 탓이라면 취업난도 본인의 능력부족 아닐까,108
ㅇㅇ,2022-01-14 13:59:19,물려도 상관없는것이  트황 복귀하면 3만스닥임,51
푱,2022-01-14 13:59:18,시즌종료느낌 강하네 ㅋㅋㅋㅋㅋㅋㅋㅋㅋㅋㅋㅋ,68
ㅇㅇ,2022-01-14 13:59:06,59.1 형은 어디 가심?,19
ㅇㅇ,2022-01-14 13:02:45,싱글벙글 폭락장 ㅋㅋㅋㅋ,133
ㅇㅇ,2022-01-14 13:02:39,어제 쏙쓸 꼭지에서 산애 있냐?,32
노무횬,2022-01-14 13:02:23,내스닥 13000 애개뤼 쩌어어어억~ ㅋㅋ,23
나는아름답다,2022-01-14 13:01:47,미 증시 탑10 ,112
ㅇㅇ,2022-01-14 13:00:58,라부  코로나 전보다 빠졌는데 왜안사?,49
ㅇㅇ,2022-01-14 13:00:50,금리 올렸는데 환율 왜 안 내리냐?,80
ㅇㅇ,2022-01-14 13:00:47,나스닥 11월 고점부터 3달가까이 조정장이다,102
ㅇㅇ,2022-01-14 13:00:36,아가리쩌억충이 많으면 좋은이유,92
차이나남바완,2022-01-14 13:00:31,항생테크 개같이 부활~~~~~~~~,50
OxychuBot,2022-01-14 13:00:22,현재 공포지수 51 / Neutral,18
ㅇㅇ,2022-01-14 14:49:56,글리젠 확실히 줄었다,75
ㅇㅇ1,2022-01-14 14:49:49,셀트 씹스캠,23
ㅇㅇ,2022-01-14 14:49:45,기술적으론 오늘도 떡락이네,28
ㅇㅇ,2022-01-14 14:48:45,형이 니들 불쌍해서 하나 알려준다. 팔지마라.,74
ㅇㅇ,2022-01-14 14:48:42,대충 기억나는 개잡주 리스트,132
차트쌉고수,2022-01-14 14:48:26,ㅋㅋ 씨웹 오늘 11.5정도 마감 하겠노,24
ㅇㅇ,2022-01-14 14:48:18,"현금채굴 힘들다,,",84
ㅇㅇ,2022-01-14 14:47:50,쏙솔 올해 100가능하냐,42
ㅇㅇ,2022-01-14 14:47:49,님들 해외주식양도소득세는 종합소득세와별개인가요 ?,36
강현수차장,2022-01-14 14:35:44,어제 분명히 +7%였는데 아침에 일어나니 왜 마이너스,85
ㅇㅇ,2022-01-14 14:35:41,농담 아니고 미장 200선 뚫는 이유.txt,65
ddd,2022-01-14 14:35:24,주식의 세계와 역사는 항상 반복임,106
ㅇㅇ,2022-01-14 14:35:01,연어에 10억 넣었다 10분에 토막났다,126
ㅇㅇ,2022-01-14 14:34:46,연어 모르는 애들 꽤많네 ㅋㅋ미주갤에서 존나 핫했는데,125
ㅇㅇ,2022-01-14 14:34:35,고점대비 하락률 ㄷㄷㄷ,79
dd,2022-01-14 14:34:21,QLD는 편안하다,36
RΛΖΞR,2022-01-14 14:34:10,나 어제 펑구로 개처맞았어,41
ㅇㅇ,2022-01-14 14:34:03,soxx 10년장투 유효하냐??,11
ㅇㅇ,2022-01-14 13:16:58,풋쟁이 11월에 엄청 많앗는데,41
ㅇㅇ,2022-01-14 13:15:21,낸시 vs 브레이너드   둘 중에 누구랑 하고싶냐?,218
ㅇㅇ,2022-01-14 13:15:18,브레이너드는 연준의장 안되서 꼬장부르는거,37
ㅇㅇ,2022-01-14 13:15:15,이 주식은 뭐하는 주식이냐?,160
나는아름답다,2022-01-14 13:15:06,메이웨더 실화냐 ,127
E.D.hacker,2022-01-14 13:15:04,니들 현금자산 매년 20퍼씩 불려주는 대신 주식 평생 금지면,148
ㅇㅇ,2022-01-14 13:14:58,나스닥 차트에 줄그어봣자,72
ㅇㅇ,2022-01-14 13:14:36,어제 그 늙은틀딱년떔에 하루 천단위손실봄,86
ㅇㅇ,2022-01-14 13:14:30,스큐 15000에서 샀다 14000 본다,47
ㅇㅇ,2022-01-14 13:14:26,딱히 오를 이유가 없지않냐,29
ㅇㅇ,2022-01-14 13:13:48,존ㄴ ㅏ춥다 씨발!!!!!!!!!,21
SAIF,2022-01-14 13:29:13,오늘도 줌줍간다 마3 시원하게 함 찍자!,16
ㅇㅇ,2022-01-14 13:29:09,올해 ipo는 다 조진 거 같다 쳐다보지 마라 ㅋㅋ,64
나는아름답다,2022-01-14 13:28:58,mRNA 근황 ,114
ㅇㅇ,2022-01-14 13:28:25,솔직히 주식장 돌아가는 눈치만 있으면 풀대출 해서,146
노무횬,2022-01-14 13:27:13,주말에 초대형 악재 터진다,73
3X_Leveraged,2022-01-14 13:27:03,어제 속쓸이 +7% 갔었다는게 사실이야?,240
델리알리,2022-01-14 13:26:58,노동소득 나보다 많은사람?,146
ㅇㅇ,2022-01-14 13:26:42,이제 속쓰 드가도 되냐??,20
ㅇㅇ,2022-01-14 13:26:23,올해 전략 팁,35
난준이,2022-01-14 12:41:04,로블97층 -18퍼다,69
ㅇㅇ,2022-01-14 12:40:51,어제 soxl 500에 익절 했다가 절반 다시 탔는데,56
ㅇㅇ,2022-01-14 12:40:36,다들 지금 계좌 40% 이상 수익 아님??,70
ㅇㅇ,2022-01-14 12:39:28,Fed가 답을 말해주는데 대체 뭐하냐 니네?,130
ㅇㅇ,2022-01-14 12:37:49,가끔 나는 생각함. 이거 혹시 트루먼쇼가아닐까,137
ㅇㅇ,2022-01-14 12:37:46,키움 실투 평균 -14% ㅋㅋ,109
ㅇㅇ,2022-01-14 12:37:45,오늘 만약 추매 할려면,71
ㅇㅇ,2022-01-14 12:37:36,롱충이에 대한 조롱 멈춰~!! 난 추매했는데?!ㅋㅋㅋ,58
ㅇㅇ,2022-01-14 12:37:05,난 이미 마통 전액 SQQQ에 박았다,193
ㅇㅇ,2022-01-14 12:37:05,롱충이들은 올라갈때는 대출하고 ㅋㅋㅋ내려갈때는 못함,54
ㅇㅇ,2022-01-14 12:55:10,나스닥 25퍼 조정이면 티큐는 75퍼 조정받냐???,136
ㅇㅇ,2022-01-14 12:54:54,요즘 국장 미장 다 끝물이라서,69
ㅇㅇ,2022-01-14 12:54:53,진짜 매력적이네,163
ㅇㅇ,2022-01-14 12:54:38,나스닥 12000에 애과뤼 쭈웍~~~~~~~~~~~,23
_썰물,2022-01-14 12:54:31,정유랑 나스닥을 둘다 들어보셈,104
ㅇㅇ,2022-01-14 12:54:22,미국주식은 개인 거래 안되냐??,22
차이나남바완,2022-01-14 12:54:13,씨웹 때문에 물만 먹어도 토하는중이다,114
ㅇㅇ,2022-01-14 12:53:35,슨피 10퍼조정 나스닥 25퍼조정은 월가컨센,84
전업투자충,2022-01-14 12:53:15,오늘같은날은 정유주 사는기다,55
ㅇㅇ,2022-01-14 12:53:15,마소를 손절한다고?,48
ㅇㅇ,2022-01-14 13:44:23,미개봉 티큐 팔아요,48
ㅇㅇ,2022-01-14 13:44:03,월평균 배당 1000달러정도 달성,297
코로나전사,2022-01-14 13:43:57,코로나전사다..라떼는말야  어제같이 떨어지면,35
ㅇㅇ,2022-01-14 13:43:54,이번년도 수익률 8퍼미만은 아갈딱해라,68
ㅇㅇ,2022-01-14 13:43:27,시발 오늘 나스닥 상폐냐?,31
ㅇㅇ,2022-01-14 13:43:27,연준새끼들 진짜 개더러운 씹새끼들이네 좆같네,148
ㅇㅇ,2022-01-14 13:43:25,어제 누가 매도친지 모르겠는데 간과한점,53
ㅇㅇ,2022-01-14 13:42:22,나선 많이 올라라 ㅋㅋ그래야 숏 자리 좋게 잡음 ㅋㅋㅋㅋ,38
ㅇㅇ,2022-01-14 13:42:16,오늘 금리 0.25 올랐는데 영끌충들 아직 ㄱㅊ?,87
ㅇㅇ,2022-01-14 13:58:59,니네는 주식내용으로 스팸문자 안오냐 ㅡㅡ,52
델리알리,2022-01-14 13:58:38,씨웹은 2021년의 솔라나와 같다,42
ㅇㅇ,2022-01-14 13:58:36,작년 2월장 리플레이하먄 좋겠다,29
중국몽,2022-01-14 13:58:12,아 씨발 계좌도 좆같은데 섹스하고싶네,123
ㅇㅇ,2022-01-14 13:58:11,씨웹 얘기하는 애들 = 중국인,16
ㅇㅇ,2022-01-14 13:57:55,셀트리온 시발ㅋㅋㅋ-9%ㅋㅋㅋㅋㅋㅋㅋㅋ,100
ㅇㅇ,2022-01-14 13:57:50,이런 예쁜 마누라 있으면 퇴근시간 몇시냐 ? ㄷㄷㄷㄷㄷㄷㄷㄷㄷㄷㄷㄷㄷㄷㄷ,84
ㅇㅇ,2022-01-14 13:57:16,자영업자 태세전환이 역겨운 점.txt,145
ㅇㅇ,2022-01-14 13:56:51,내 포트폴리오 정도면 ㅅㅌㅊ?,82
ㅇㅇ,2022-01-14 13:56:33,지금 당장 좆같더라도 국장은 가는 게 아님 ㅋㅋㅋ,31
Boeing.Co,2022-01-14 13:00:09,진지하게 MAG 손절하는놈은 접어야지,50
ㅇㅇ,2022-01-14 14:47:19,티큐 90층인데 오히려 푸근하다,81
ㅇㅇ,2022-01-14 14:47:06,인터넷에선 레버리지 성공한사람들만 글씀,67
수키시발,2022-01-14 14:46:09,갑자기 기분좋아짐,42
ㅇㅇ,2022-01-14 14:45:20,Tqqq  진짜 무지성매수 많네,196
ㅇㅇ,2022-01-14 14:45:04,셀트리온 전통의 씹스캠 아님?,36
ㅇㅇ,2022-01-14 14:44:13,현재까지 60만 손해본 주린이 미국장 뛰어들생각인데,107
ㅇㅇ,2022-01-14 14:34:02,연어마냥 루시드 매출이 3억인가?ㅋㅋㅋㅋㅋㅋㅋ,28
ㅇㅇ,2022-01-14 14:34:00,미국주식시장은 이제 시장이 아니라니깐 그러내 ㅋㅋ,42
차이나남바완,2022-01-14 14:33:58,씨웹 처럼 와리가리 ㅈㄴ 치는 주식 봤냐,17
ㅇㅇ,2022-01-14 14:33:25,테슬람들  다 어디감?? ,46
ㅇㅇ,2022-01-14 14:32:45,무조건오른다가 왜 틀린거임?,32
ㅇㅇ,2022-01-14 14:32:33,연어 씨발ㅋㅋㅋㅋㅋㅋ,160
ㅇㅇ,2022-01-14 14:32:19,반도체충들 나대더니 입ㅡㅡㅡ꾹ㅡㅡㅡ닫,24
ㅇㅇ,2022-01-14 14:31:45,알갤 보따리 경쟁 심해서 못하는줄 알았는데 아닌가보네,28
ㅇㅇ,2022-01-14 14:31:37,무조건 오른다 = 능지처참 정신병자,17
ㅇㅇ,2022-01-14 13:13:14,lg에솔 얼마나 태울거냐,163
ㅇㅇ,2022-01-14 13:13:01,근데 그 씨발년 왜나댄거냐,100
아빠,2022-01-14 13:12:57,우리애한테.미안하다...올해 벌써 마이너스임,157
ㅇㅇ,2022-01-14 13:12:43,어제 종가에 매수 안한 놈들은 그냥,137
3X_Leveraged,2022-01-14 13:12:42,나스닥 125일 선 믿어본다...,160
ㅇㅇ,2022-01-14 13:12:32,실제로 나스닥 마삼뜨면 최소 1달은 빠지더라,91
ㅇㅇ,2022-01-14 13:12:31,금리올리면 물가오르지않나요?,31
ㅇㅇ,2022-01-14 13:12:30,내가 30대 모솔 좆소충이여도 외롭지 않은 이유,78
ㅇㅇ,2022-01-14 13:11:24,근데 금리올리면 물가 잡힘 ㅇㅇ 존나 잘잡힘 ㅇㅇ,115
ㅇㅇ,2022-01-14 13:11:19,낸시 근래에 숏으로 돈존나게벌었을듯,39
ㅇㅇ,2022-01-14 13:26:15,브레이너드 할카스련 입좀 누가 꿰매라,27
ㅇㅇ,2022-01-14 13:25:40,작년까지만 해도,22
ㅇㅇ,2022-01-14 13:25:34,나스닥 12000까지 뚫려있다고 본다,59
ㅇㅇ,2022-01-14 13:25:31,속쓸 정찰병 개웃기네 ㅋㅋㅋㅋㅋㅋㅋㅋ,127
좆소대표,2022-01-14 13:25:25,방금전에 회사로 보험팔이가 아버지찾아옴,166
ㅇㅇ,2022-01-14 13:25:25,나선 미장열리지도않았능데 무빙 또라이급이네,66
ㅇㅇ,2022-01-14 13:24:59,인플레 잡겠다고 금리 파아악 올리면 어케됨??,62
ㅇㅇ,2022-01-14 13:24:43,그래서 오늘은 오르지?,23
ㅇㅇ,2022-01-14 13:24:20,오늘은 떡상각임,102
ㅇㅇ,2022-01-14 13:24:12,올해 좀 떡락했으면 좋겠다,21
노무횬,2022-01-14 13:24:07,앞으로 시나리오  오늘 음봉박고,28
ㅇㅇ,2022-01-14 12:36:34,bst 특별배당 왜안들어옴?,31
ㅇㅇ,2022-01-14 12:36:23,어제 내리꽂은 이유가 브레이너드 때문이네,95
ㅇㅇ,2022-01-14 12:36:10,확신있으면 대출해서 추매해 븅신들아 ㅋㅋㅋㅋㅋㅋㅋㅋㅋㅋㅋ,43
닷컴버블,2022-01-14 12:35:49,나스닥 4천이 적당하다봄,62
ㅇㅇ,2022-01-14 12:35:25,어제 티큐 74에 loc 걸어놓고 쳐자러갔다가,84
ㅇㅇ,2022-01-14 12:35:22,와 씨웹 주주있냐,70
ㅇㅇ,2022-01-14 12:34:56,뱅브로 떴다,211
ㅇㅇ,2022-01-14 12:34:40,씨웹은 지금 오른상태임,82
ㅇㅇ,2022-01-14 12:34:36,한국 이커머스 시장은 사실상 cj택배에 달렸음,104
ㅇㅇ,2022-01-14 12:34:33,나 마소 평단 331.9 임,79
ㅇㅇ,2022-01-14 12:53:06,예전부터 말하지만 중국은 가라앉는 타이타닉이다,55
ㅇㅇ,2022-01-14 12:52:59,떨어져도 걱정없다이기,46
ㅇㅇ,2022-01-14 12:52:11,타이슨은 말했다.,57
ㅇㅇ,2022-01-14 12:52:10,마소 손절하는 생끼는 주식 접어라,125
ㅇㅇ,2022-01-14 12:52:09,진짜 끝물이구나 마소 가지고 무서워서 징징거리네,84
인텔빠,2022-01-14 12:51:53,코스피 빠지는거 너무재밌어 ㅋㅋㅋㅋㅋ,31
ㅇㅅㅇ,2022-01-14 12:51:39,바재앙 문제는 갱제라고,17
ㅇㅇ,2022-01-14 12:51:38,씨웹은 단타용인거 몰랐던거야?,71
ㅇㅇ,2022-01-14 12:51:33,계좌에 -50퍼찍히니깐,89
zz1zz22,2022-01-14 12:51:27,머 어린데 24년까지 뻐기지뭐,32
ㅇㅇ,2022-01-14 13:42:11,아아 어제는 건강한 조정이었나,37
ㅇㅇ,2022-01-14 13:41:52,"근데 나스닥 16,000포인트는 실제가치가 얼마임?",101
ㅇㅇ,2022-01-14 13:41:38,내 계좌 녹아도 씨웹 마11 찍혔으면 승리한 거다,33
ㅇㅇ,2022-01-14 13:40:55,어제 마소 새벽,52
ㅇㅇ,2022-01-14 13:40:44,나선 개떡상이라고 해서 봤는데,313
노무횬,2022-01-14 13:40:40,조정 10~20%가  씹소리인 이유,214
ㅇㅇ,2022-01-14 13:40:31,슬슬 추매하면 딱좋을 타이밍이네,68
ㅇㅇ,2022-01-14 13:40:26,"소파이, 아이온큐, 팔란티어같은 개잡주 주주들 다 사라졌누 ㅋㅋㅋ",62
태수토스테론,2022-01-14 13:39:10,혼란한장에 최강의 방어주를 알아보자,168
숏케이크,2022-01-14 13:38:37,빚투 자체가 그닥 현명한 짓은 아닌데,148
3X_Leveraged,2022-01-14 13:38:36,우리나라는 오늘 금리 인상 했네,196
ㅇㅇ,2022-01-14 13:56:18,국장 개같이 쳐맞네,21
ㅇㅇ,2022-01-14 13:55:45,팩트는 아직도 돈은 계속 풀리고 잇다 ㅇㅇ,54
ㅇㅇ,2022-01-14 13:55:41,핑구 32불 쏙쓸 58불 티큐 67불,35
노무횬,2022-01-14 13:55:41,현금관망충과 숏충이들에게 찐바닥알려줌,82
ㅇㅇ,2022-01-14 13:00:09,이번 어닝때 어닝 서프 랠리는 사실상 확정아니냐???,67
ㅇㅇ,2022-01-14 12:59:46,속슬 69에 산애들 지금 -13퍼 ㅋㅋㅋㅋㅋ,66
ㅇㅇ,2022-01-14 12:59:17,사이버 트럭 (유아용)=12020도지 ,41
ㅇㅇ,2022-01-14 12:59:04,Qld 있는데 빅테크 사는 이유가 대체 뭐야??,180
Boeing.Co,2022-01-14 12:59:01,자동차 미래준비지표에서 테슬라가 가장 앞서있다,75
ㅇㅇ,2022-01-14 12:58:41,"""어닝까지만 발라먹고 빼야지~""",155
노무횬,2022-01-14 12:58:40,폭락장 존나행복하다 ㅋㅋㅋㅋ,63
ㅇㅇ,2022-01-14 12:58:23,나스닥 반토막 이런건 개소리고 20퍼 조정은 월가컨센맞다,79
ㅇㅇ,2022-01-14 12:58:23,월가 컨센을 왜 믿어,46
ㅇㅇ,2022-01-14 12:58:16,너네 주식살때 지정가주문하냐 시장가주문하냐,105
ㅇㅇ,2022-01-14 12:58:01,공탐지수봐라 ㅆㅂ 아직도 갤에 환희가 가득하다,85
ㅇㅇ,2022-01-14 14:43:16,속슬 펜트하우스 입주자 어제 6% 손절했는데,160
지옥교주,2022-01-14 14:42:49,나스닥한테 사과 받아야겠다,112
ㅇㅇ,2022-01-14 14:42:14,작년2월에는 꿈만있는개잡주들죽이고 이번겨울에는 실적있는성장주들도죽음,80
짬뽕매니아,2022-01-14 14:31:20,웧요일 휴장 = 떡락,31
ㅇㅇ,2022-01-14 14:31:13,디씨가 원래 남까고노는거지 라는 애들 특,49
ㅇㅇ,2022-01-14 14:31:11,지하철 민영화는 하면안됨,25
ㅇㅇ,2022-01-14 14:31:08,연어 이항 보고도몰라?,74
ㅇㅇ,2022-01-14 14:30:49,해외주식갤은 저평가 가치주얘기하는곳임?,49
ㅇㅇ,2022-01-14 14:30:42,다들 떡락거리는거 보니깐,78
ㅇㅇ,2022-01-14 14:30:29,작년 핫했던 중소형주들 지금 싹다 최소 반토막 아니냐?,71
ㅇㅇ,2022-01-14 14:30:23,야 이런 좆밥포르쉐도 포르쉐로 쳐주는거임?,133
ㅇㅇ,2022-01-14 13:09:43,이제 적립식 매수 안함,136
ㅇㅇ,2022-01-14 13:09:36,금리 올린다고 물가가잡히냐? 워드코로나하고 항구나 열고,80
ㅇㅇ,2022-01-14 13:09:21,하 자살마렵네,259
ㅇㅇ,2022-01-14 13:09:18,솔직히 기관들 맘이니까 예측하지 말자...,43
ㅇㅇ,2022-01-14 13:09:17,당분간 미주갤 안오기로함,38
ㅇㅇ,2022-01-14 13:09:07,아이 씨팔 대낮부터 기분 좆같게...,131
ㅇㅇ,2022-01-14 13:08:22,위불 빨강색이 내려간거 맞지?,18
ㅇㅇ,2022-01-14 13:07:51,이번하락장때 테슬라 snp에서 퇴출예정 ㅋㅋㅋㅋ,108
ㅇㅇ,2022-01-14 13:23:56,브레이너드 존나이쁘네 썅년,78
ㅇㅇ,2022-01-14 13:23:51,대출받아서 매수한건데 씨발ㅋㅋ,200
ㅇㅇ,2022-01-14 13:23:04,나선 개같이 상승 ㅋㅋㅋㅋㅋㅋ,122
ㅇㅇ,2022-01-14 13:23:04,미국주식으로 10배 버는게 쉬운줄아나,44
ㅇㅇ,2022-01-14 13:22:49,금리랑 긴축 씹을만한 호재,45
ㅇㅇ,2022-01-14 13:22:47,차트보는게  의미있음? 외부 시황에 걍 존나 흔들리는데,18
ㅇㅇ,2022-01-14 13:22:41,올해는 그냥 관망만해,100
ㅇㅇ,2022-01-14 13:22:32,브레이너드랑 파월 이부남매인 거 앎?,75
ㅇㅇ,2022-01-14 12:34:30,오늘은 오르기야 할듯,32
ㅇㅇ,2022-01-14 12:34:23,계단식 하락할 땐 계단식 추매하면 된다,41
기도매매,2022-01-14 12:34:08,폐지나 주울꽈~~,47
ㅇㅇ,2022-01-14 12:33:43,테슬라 속보) 사이버트럭 23년으로 연기,196
ㅁㅅㅁ,2022-01-14 12:33:35,한국 기준금리 올렸네? ,81
ㅇㅇ,2022-01-14 12:33:25,솔직히 어제 같이 떨어지는게 니들 수준에서 ㅅㅌㅊ임,94
ㅇㅇ,2022-01-14 12:33:11,어제 피곤해서 잤다가 점심먹고 지금 보니까 이거 뭐냐?,24
ㅇㅇ,2022-01-14 12:32:45,asml 어제 ㅋㅋ 얼마나 떨군거냐,92
ㅇㅇ,2022-01-14 12:51:15,다시 다 털고 새로가자,18
ㅇㅇ,2022-01-14 12:51:06,원래 어닝 하루전에 주가가 오르고 어닝 하는 날 빠짐?,70
ㅇㅇ,2022-01-14 12:50:48,겁쟁이 추매했엉~,68
ㅇㅇ,2022-01-14 13:38:29,나선 개떡상 하네 ㅋㅋㅋ,146
ㅇㅇ,2022-01-14 13:38:11,오늘도 곰탕이라고 생각할 저능아들이 많네,120
ㅇㅇ,2022-01-14 13:37:17,2016년에 나스닥 4천이였음,83
노무횬,2022-01-14 13:37:02,조센징들이 무슨 자신감으로 HOLD ?,50
ㅇㅇ,2022-01-14 13:36:49,오늘도 대곰탕인거 알제?,23
ㅇㅇ,2022-01-14 13:36:28,내가 아끼는 짤 뿌린다,129
숏케이크,2022-01-14 12:57:44,국장 빠져도 오히려 벌었엉,23
ㅇㅇ,2022-01-14 12:56:53,CNBC 블룸버그 봐도 나스닥 20퍼 조정은 기정사실,144
ㅇㅇ,2022-01-14 13:07:38,엔비 평단들 적어보자 ㅇㅇ,78
ㅇㅇ,2022-01-14 13:07:35,SQQQ 하루만에 +10% 인증,194
ㅇㅇ,2022-01-14 13:22:11,브레이너드 우리 아빠랑 동갑이네 ㅋㅋㅋ,28
짬뽕매니아,2022-01-14 12:32:36,역사적으로 무지성 롱충이들이 돈 벌었다,62
ㅇㅇ,2022-01-14 12:32:06,죽고싶다고 생각할정도로 폭락할것이다,137
ㅇㅇ,2022-01-14 12:31:56,시드10프로 들어가자마자 마이너스2프로 쳐맞네,23
ㅇㅇ,2022-01-14 12:31:55,오늘 존버해야하는 이유 3가지,119
닷컴버블,2022-01-14 12:31:45,짱개식 논리로 나스닥 4천까진 간다,39
ㅇㅇ,2022-01-14 12:31:41,탈셰일 = 탈원전,19
ㅇㅇ,2022-01-14 12:31:16,뉴쥬 새 영상 떴다. 보러가라,44
ㅇㅇ,2022-01-14 12:31:14,바닥 못잡아도 발목이 어디일까 하는 애들 팁 알려줌,68
킹갓제네럴미국,2022-01-14 12:29:58,soxl 40에 애개뤼 쮀에에에엨ㅋㅋ 패닉 바잉 가즈아,26
전업투자충,2022-01-14 12:50:38,ㄷㄷㄷ 오늘밤 블랙프라이데이 초특가,92
ㅇㅇ,2022-01-14 12:50:07,cweb 산 명예콩사탕원 없제?,44
00,2022-01-14 12:49:04,마소 평탄 314에 물린 주린이입니디 ㅠㅠ,143
ㅇㅇ,2022-01-14 12:49:03,아직 나스닥에 대한 믿음이 부족하노 ㅋㅋ 너네 다팔면,68
ㅇㅇ,2022-01-14 12:48:52,하락장에서 전고점 생각하면 ㅈ된다,158
닷컴버블,2022-01-14 12:48:35,하워드 막스가 예상하는 나스닥 저점매수,64
형꼬마,2022-01-14 12:48:06,마 12 뜬 씨웹 투자자의 점심,150
ㅇㅇ,2022-01-14 12:48:05,사람들이 장투를 못하는이유,237
숏케이크,2022-01-14 12:48:00,오늘 근데 포지션 안 잡는게 낫지않나,43
ㅇㅇ,2022-01-14 12:47:57,내가 어제 숏친 이유 말해준다,139
ㅇㅇ,2022-01-14 13:35:49,노스닥 쥐좆 데드캣이나왔어요ㅋㅋㅋㅋㅋㅋ,83
ㅇㅇ,2022-01-14 12:29:51,미장 유튭 뭐 틀어놓을게 없네. 다들 오늘은 유튭을 별로 안올리네,38
ㅇㅇ,2022-01-14 12:29:39,진짜 미국 병신새끼들 맞다니까ㅋㅋㅋ,112
ㅇㅇ,2022-01-14 12:29:34,MTS중에서 시세포착? 시세감시되는거 영웅문 말고 없음?,20
ㅇㅇ,2022-01-14 12:29:31,요즘장에 불안한이유,68
바이든,2022-01-14 12:47:46,토스 맥도 이제 거래 가능이거,50
난준이,2022-01-14 12:47:25,본인 결심했다,62
지옥교주,2022-01-14 12:47:07,월요일 흑목사 하나 때문에 휴장이라구?,75
백수짭칠공,2022-01-14 12:47:00,현금관망충들 들어와봐라,121
ㅇㅇ,2022-01-14 12:46:01,오늘 기술적 반등있으니까 다들 오늘 빤스 팔아서 롱잡아라,86
_썰물,2022-01-14 12:45:54,실패한 투자자의 점심,237
ㅇㅇ,2022-01-14 12:45:53,코로나때처럼 폭락가능하냐?,114
ㅇㅇ,2022-01-14 12:45:33,이번에 실적미스나는 기술주는 죽었다생각해라,46
ㅇㅇ,2022-01-14 12:45:32,브레이 너드 뭐가 미시냐? 할망구인데,64
ㅇㅇ,2022-01-14 12:45:14,오늘사면 무릎정돈 된다고본다 오늘 추매한다,72
00,2022-01-14 12:44:47,반도체 AI 장투때 참조,90
ㅇㅇ,2022-01-14 12:44:39,아마존은 1년내내 횡보만하네ㅋㅋㅋㅋ,99
